FECHA,-1,0,1,2,3,4,5,6,7,8,9,10,11,12,14
2020-01-01,0.0,2.0,0.0,7.0,11.0,0.0,15.0,8.0,14.0,12.0,0.0,1.0,0.0,0.0,0
2020-01-02,2.0,1.0,0.0,0.0,1.0,4.0,0.0,4.0,22.0,0.0,0.0,0.0,0.0,0.0,0
2020-01-03,8.0,0.0,0.0,6.0,0.0,4.0,0.0,0.0,0.0,6.0,0.0,0.0,1.0,0.0,0
2020-01-04,0.0,3.0,0.0,0.0,8.0,5.0,6.0,3.0,0.0,0.0,5.0,0.0,0.0,0.0,0
2020-01-05,2.0,0.0,2.0,0.0,10.0,0.0,1.0,8.0,9.0,18.0,4.0,1.0,0.0,0.0,0
2020-01-06,3.0,1.0,2.0,11.0,4.0,9.0,3.0,13.0,4.0,12.0,2.0,0.0,0.0,0.0,0
2020-01-07,1.0,3.0,3.0,0.0,6.0,0.0,10.0,0.0,12.0,0.0,0.0,0.0,0.0,0.0,0
2020-01-08,3.0,3.0,0.0,0.0,0.0,7.0,0.0,13.0,14.0,3.0,3.0,0.0,0.0,0.0,0
2020-01-09,0.0,3.0,10.0,0.0,4.0,7.0,6.0,7.0,12.0,9.0,1.0,0.0,0.0,0.0,0
2020-01-10,1.0,0.0,2.0,0.0,0.0,0.0,0.0,11.0,2.0,0.0,5.0,0.0,0.0,0.0,0
2020-01-11,5.0,0.0,1.0,4.0,3.0,4.0,0.0,5.0,8.0,23.0,0.0,0.0,0.0,0.0,0
2020-01-12,3.0,2.0,8.0,4.0,0.0,3.0,3.0,6.0,9.0,0.0,2.0,0.0,0.0,0.0,0
2020-01-13,1.0,3.0,0.0,6.0,2.0,0.0,1.0,1.0,7.0,0.0,0.0,1.0,0.0,0.0,0
2020-01-14,3.0,2.0,3.0,4.0,7.0,2.0,14.0,7.0,3.0,4.0,0.0,0.0,0.0,0.0,0
2020-01-15,0.0,3.0,3.0,5.0,1.0,0.0,1.0,16.0,1.0,3.0,0.0,0.0,0.0,0.0,0
2020-01-16,6.0,0.0,0.0,5.0,4.0,2.0,12.0,3.0,7.0,0.0,4.0,2.0,0.0,0.0,0
2020-01-17,0.0,1.0,3.0,5.0,7.0,3.0,6.0,0.0,0.0,0.0,12.0,0.0,0.0,0.0,0
2020-01-18,2.0,7.0,0.0,0.0,9.0,0.0,6.0,0.0,0.0,0.0,0.0,0.0,0.0,0.0,0
2020-01-19,0.0,0.0,1.0,0.0,0.0,0.0,6.0,8.0,0.0,0.0,5.0,0.0,0.0,0.0,0
2020-01-20,0.0,0.0,0.0,2.0,8.0,5.0,5.0,8.0,6.0,0.0,14.0,0.0,0.0,0.0,0
2020-01-21,1.0,0.0,0.0,6.0,0.0,0.0,0.0,3.0,6.0,0.0,1.0,0.0,0.0,0.0,0
2020-01-22,3.0,0.0,0.0,9.0,3.0,3.0,0.0,3.0,7.0,0.0,14.0,0.0,1.0,0.0,0
2020-01-23,1.0,4.0,3.0,0.0,9.0,4.0,1.0,0.0,8.0,0.0,0.0,1.0,0.0,0.0,0
2020-01-24,0.0,5.0,0.0,4.0,0.0,0.0,0.0,19.0,0.0,4.0,11.0,0.0,0.0,0.0,0
2020-01-25,0.0,2.0,1.0,0.0,2.0,0.0,13.0,0.0,23.0,3.0,4.0,0.0,0.0,0.0,0
2020-01-26,0.0,2.0,2.0,0.0,5.0,0.0,1.0,0.0,0.0,5.0,0.0,0.0,0.0,0.0,0
2020-01-27,5.0,0.0,0.0,7.0,9.0,0.0,7.0,5.0,9.0,0.0,0.0,1.0,0.0,0.0,0
2020-01-28,0.0,0.0,0.0,0.0,4.0,0.0,5.0,7.0,13.0,0.0,0.0,2.0,0.0,0.0,0
2020-01-29,5.0,0.0,3.0,0.0,2.0,0.0,0.0,0.0,2.0,3.0,0.0,0.0,1.0,0.0,0
2020-01-30,0.0,0.0,0.0,3.0,0.0,1.0,0.0,0.0,2.0,0.0,0.0,1.0,0.0,0.0,0
2020-01-31,4.0,0.0,0.0,1.0,10.0,5.0,8.0,2.0,0.0,0.0,3.0,0.0,0.0,0.0,0
2020-02-01,1.0,0.0,1.0,0.0,0.0,3.0,0.0,0.0,11.0,7.0,7.0,2.0,0.0,0.0,0
2020-02-02,0.0,0.0,2.0,11.0,0.0,1.0,0.0,6.0,9.0,16.0,0.0,1.0,0.0,0.0,0
2020-02-03,4.0,0.0,1.0,0.0,3.0,0.0,5.0,6.0,0.0,13.0,0.0,0.0,0.0,0.0,0
2020-02-04,2.0,0.0,0.0,0.0,3.0,0.0,0.0,0.0,7.0,3.0,10.0,0.0,0.0,0.0,0
2020-02-05,4.0,2.0,0.0,8.0,2.0,0.0,2.0,5.0,0.0,8.0,6.0,0.0,0.0,0.0,0
2020-02-06,5.0,4.0,2.0,0.0,0.0,7.0,8.0,1.0,11.0,8.0,3.0,1.0,0.0,1.0,0
2020-02-07,4.0,2.0,0.0,4.0,6.0,4.0,0.0,7.0,10.0,0.0,10.0,1.0,1.0,0.0,0
2020-02-08,0.0,0.0,3.0,1.0,0.0,3.0,1.0,0.0,0.0,2.0,0.0,2.0,0.0,0.0,0
2020-02-09,0.0,3.0,0.0,0.0,0.0,0.0,2.0,13.0,7.0,0.0,0.0,0.0,0.0,0.0,0
2020-02-10,0.0,0.0,2.0,0.0,5.0,5.0,0.0,0.0,0.0,2.0,0.0,0.0,0.0,0.0,0
2020-02-11,2.0,4.0,0.0,0.0,0.0,0.0,5.0,0.0,8.0,7.0,2.0,1.0,0.0,0.0,0
2020-02-12,3.0,0.0,0.0,0.0,10.0,0.0,0.0,0.0,0.0,8.0,5.0,0.0,0.0,0.0,0
2020-02-13,1.0,0.0,4.0,0.0,5.0,3.0,0.0,0.0,6.0,19.0,3.0,4.0,0.0,0.0,0
2020-02-14,1.0,4.0,0.0,7.0,8.0,1.0,0.0,9.0,10.0,0.0,6.0,2.0,0.0,0.0,0
2020-02-15,3.0,0.0,1.0,9.0,10.0,8.0,5.0,8.0,14.0,15.0,2.0,0.0,0.0,0.0,0
2020-02-16,3.0,2.0,0.0,3.0,5.0,1.0,0.0,0.0,0.0,0.0,14.0,1.0,0.0,0.0,0
2020-02-17,0.0,0.0,0.0,4.0,1.0,0.0,13.0,5.0,0.0,0.0,7.0,4.0,0.0,0.0,0
2020-02-18,1.0,0.0,0.0,0.0,2.0,0.0,3.0,3.0,3.0,9.0,0.0,0.0,0.0,0.0,0
2020-02-19,0.0,3.0,1.0,0.0,0.0,0.0,0.0,0.0,7.0,9.0,3.0,2.0,0.0,0.0,0
2020-02-20,0.0,6.0,1.0,0.0,0.0,3.0,1.0,0.0,25.0,2.0,0.0,0.0,0.0,0.0,0
2020-02-21,0.0,0.0,2.0,3.0,1.0,5.0,0.0,2.0,9.0,0.0,7.0,2.0,0.0,0.0,0
2020-02-22,2.0,0.0,0.0,1.0,0.0,0.0,0.0,21.0,0.0,16.0,8.0,2.0,0.0,0.0,0
2020-02-23,4.0,0.0,2.0,5.0,8.0,1.0,0.0,0.0,22.0,4.0,2.0,1.0,0.0,0.0,0
2020-02-24,0.0,1.0,5.0,8.0,1.0,0.0,9.0,14.0,5.0,32.0,12.0,0.0,0.0,0.0,0
2020-02-25,1.0,0.0,2.0,0.0,1.0,0.0,0.0,0.0,7.0,13.0,4.0,1.0,0.0,0.0,0
2020-02-26,0.0,0.0,2.0,4.0,0.0,3.0,9.0,6.0,0.0,0.0,14.0,0.0,0.0,0.0,0
2020-02-27,0.0,1.0,0.0,0.0,3.0,0.0,0.0,2.0,18.0,0.0,8.0,3.0,0.0,0.0,0
2020-02-28,6.0,2.0,0.0,0.0,3.0,0.0,5.0,0.0,8.0,11.0,1.0,0.0,0.0,0.0,0
2020-02-28,6.0,2.0,0.0,0.0,3.0,0.0,5.0,0.0,8.0,11.0,1.0,0.0,0.0,0.0,0
2020-03-01,0.0,2.0,0.0,5.0,2.0,2.0,6.0,0.0,6.0,19.0,1.0,0.0,0.0,0.0,0
2020-03-02,0.0,0.0,0.0,2.0,0.0,0.0,4.0,7.0,4.0,4.0,2.0,0.0,0.0,0.0,0
2020-03-03,1.0,1.0,2.0,1.0,0.0,6.0,12.0,2.0,8.0,9.0,8.0,2.0,0.0,0.0,0
2020-03-04,1.0,1.0,3.0,1.0,0.0,2.0,0.0,11.0,2.0,0.0,14.0,1.0,0.0,0.0,0
2020-03-05,3.0,3.0,0.0,1.0,3.0,4.0,4.0,7.0,4.0,6.0,4.0,0.0,0.0,0.0,0
2020-03-06,0.0,2.0,0.0,0.0,0.0,4.0,0.0,14.0,5.0,24.0,11.0,0.0,0.0,0.0,0
2020-03-07,0.0,2.0,3.0,4.0,6.0,0.0,1.0,9.0,0.0,15.0,2.0,1.0,0.0,0.0,0
2020-03-08,1.0,5.0,0.0,0.0,5.0,0.0,4.0,1.0,11.0,0.0,0.0,1.0,0.0,0.0,0
2020-03-09,1.0,1.0,2.0,0.0,0.0,0.0,6.0,12.0,0.0,0.0,4.0,0.0,0.0,0.0,0
2020-03-10,4.0,0.0,1.0,5.0,0.0,7.0,0.0,18.0,13.0,14.0,0.0,0.0,0.0,0.0,0
2020-03-11,0.0,2.0,0.0,0.0,3.0,1.0,6.0,13.0,3.0,6.0,11.0,0.0,0.0,0.0,0
2020-03-12,0.0,0.0,1.0,0.0,0.0,8.0,11.0,5.0,14.0,15.0,7.0,2.0,0.0,0.0,0
2020-03-13,0.0,3.0,0.0,0.0,1.0,0.0,10.0,7.0,4.0,16.0,5.0,1.0,0.0,0.0,0
2020-03-14,0.0,1.0,0.0,0.0,6.0,3.0,12.0,20.0,10.0,16.0,7.0,1.0,0.0,0.0,0
2020-03-15,0.0,1.0,2.0,4.0,0.0,0.0,4.0,5.0,7.0,7.0,6.0,1.0,0.0,0.0,0
2020-03-16,2.0,2.0,0.0,0.0,0.0,2.0,3.0,6.0,0.0,14.0,6.0,1.0,0.0,0.0,0
2020-03-17,0.0,0.0,0.0,0.0,0.0,0.0,0.0,0.0,1.0,9.0,13.0,1.0,0.0,0.0,0
2020-03-18,0.0,1.0,0.0,0.0,2.0,2.0,0.0,1.0,13.0,7.0,3.0,3.0,0.0,0.0,0
2020-03-19,0.0,0.0,0.0,0.0,0.0,0.0,19.0,0.0,0.0,2.0,12.0,1.0,0.0,0.0,0
2020-03-20,0.0,0.0,0.0,0.0,0.0,6.0,0.0,20.0,6.0,20.0,0.0,0.0,0.0,0.0,0
2020-03-21,0.0,0.0,0.0,0.0,0.0,0.0,0.0,10.0,0.0,8.0,0.0,0.0,1.0,0.0,0
2020-03-22,0.0,2.0,0.0,0.0,0.0,0.0,6.0,0.0,0.0,0.0,1.0,0.0,0.0,0.0,0
2020-03-23,0.0,2.0,0.0,0.0,0.0,0.0,8.0,0.0,0.0,3.0,9.0,1.0,0.0,0.0,0
2020-03-24,0.0,0.0,0.0,0.0,0.0,0.0,0.0,7.0,0.0,14.0,1.0,0.0,0.0,0.0,0
2020-03-25,0.0,2.0,5.0,0.0,0.0,0.0,0.0,5.0,12.0,0.0,3.0,1.0,0.0,0.0,0
2020-03-26,0.0,0.0,0.0,0.0,0.0,0.0,0.0,1.0,0.0,0.0,0.0,2.0,0.0,0.0,0
2020-03-27,0.0,0.0,0.0,0.0,0.0,0.0,0.0,0.0,4.0,15.0,10.0,0.0,0.0,0.0,0
2020-03-28,0.0,0.0,0.0,0.0,0.0,0.0,0.0,5.0,15.0,18.0,8.0,0.0,0.0,0.0,0
2020-03-29,0.0,0.0,0.0,0.0,7.0,0.0,1.0,0.0,5.0,13.0,2.0,4.0,0.0,0.0,0
2020-03-30,0.0,0.0,0.0,0.0,7.0,10.0,0.0,6.0,5.0,8.0,10.0,2.0,0.0,0.0,0
2020-03-31,0.0,0.0,0.0,0.0,1.0,0.0,12.0,0.0,5.0,24.0,11.0,2.0,0.0,0.0,0
2020-04-01,0.0,0.0,0.0,0.0,0.0,0.0,6.0,12.0,13.0,5.0,0.0,0.0,0.0,0.0,0
2020-04-02,0.0,0.0,5.0,0.0,1.0,2.0,10.0,0.0,12.0,0.0,12.0,2.0,0.0,0.0,0
2020-04-03,0.0,5.0,0.0,0.0,0.0,3.0,6.0,0.0,15.0,9.0,2.0,1.0,0.0,0.0,0
2020-04-04,0.0,6.0,0.0,0.0,0.0,0.0,2.0,24.0,13.0,16.0,0.0,0.0,0.0,0.0,0
2020-04-05,0.0,2.0,1.0,0.0,0.0,0.0,13.0,14.0,0.0,19.0,0.0,1.0,0.0,0.0,0
2020-04-06,0.0,1.0,0.0,0.0,0.0,0.0,0.0,4.0,0.0,23.0,7.0,0.0,0.0,0.0,0
2020-04-07,0.0,0.0,0.0,0.0,5.0,0.0,0.0,4.0,9.0,0.0,3.0,0.0,0.0,0.0,0
2020-04-08,0.0,0.0,0.0,0.0,5.0,8.0,19.0,14.0,19.0,4.0,0.0,0.0,0.0,0.0,0
2020-04-09,0.0,0.0,1.0,0.0,0.0,0.0,14.0,5.0,24.0,5.0,3.0,0.0,0.0,0.0,0
2020-04-10,0.0,0.0,0.0,0.0,0.0,7.0,15.0,23.0,30.0,29.0,9.0,0.0,0.0,0.0,0
2020-04-11,0.0,0.0,0.0,0.0,5.0,6.0,14.0,13.0,27.0,21.0,4.0,0.0,0.0,0.0,0
2020-04-12,0.0,0.0,0.0,0.0,1.0,11.0,14.0,17.0,13.0,5.0,4.0,0.0,0.0,0.0,0
2020-04-13,1.0,0.0,0.0,0.0,0.0,7.0,12.0,39.0,29.0,16.0,4.0,0.0,0.0,0.0,0
2020-04-14,0.0,0.0,11.0,0.0,1.0,19.0,26.0,38.0,29.0,10.0,2.0,3.0,0.0,0.0,0
2020-04-15,0.0,0.0,0.0,0.0,0.0,7.0,21.0,25.0,12.0,46.0,14.0,2.0,0.0,0.0,0
2020-04-16,0.0,0.0,0.0,0.0,8.0,12.0,27.0,48.0,36.0,13.0,4.0,2.0,0.0,0.0,0
2020-04-17,0.0,0.0,0.0,0.0,0.0,17.0,30.0,45.0,19.0,33.0,5.0,0.0,0.0,0.0,0
2020-04-18,0.0,1.0,0.0,0.0,10.0,11.0,14.0,38.0,23.0,42.0,0.0,1.0,0.0,0.0,0
2020-04-19,0.0,2.0,0.0,0.0,3.0,22.0,29.0,35.0,42.0,29.0,12.0,2.0,0.0,0.0,0
2020-04-20,1.0,0.0,1.0,8.0,5.0,13.0,50.0,45.0,49.0,38.0,14.0,0.0,0.0,0.0,0
2020-04-21,0.0,0.0,1.0,0.0,0.0,14.0,36.0,46.0,69.0,23.0,6.0,0.0,0.0,0.0,0
2020-04-22,0.0,0.0,0.0,0.0,4.0,12.0,49.0,72.0,48.0,30.0,5.0,3.0,0.0,0.0,0
2020-04-23,0.0,4.0,1.0,0.0,5.0,23.0,32.0,94.0,63.0,7.0,8.0,0.0,0.0,0.0,0
2020-04-24,1.0,3.0,2.0,5.0,16.0,16.0,43.0,88.0,70.0,58.0,8.0,1.0,0.0,0.0,0
2020-04-25,0.0,0.0,0.0,0.0,12.0,25.0,47.0,81.0,78.0,37.0,7.0,0.0,0.0,0.0,0
2020-04-26,0.0,0.0,0.0,0.0,2.0,5.0,42.0,90.0,71.0,46.0,11.0,1.0,0.0,0.0,0
2020-04-27,0.0,1.0,0.0,8.0,9.0,23.0,52.0,92.0,57.0,55.0,5.0,1.0,0.0,0.0,0
2020-04-28,0.0,0.0,0.0,0.0,10.0,24.0,55.0,91.0,85.0,35.0,15.0,0.0,0.0,0.0,0
2020-04-29,0.0,0.0,0.0,4.0,7.0,16.0,60.0,91.0,89.0,43.0,0.0,0.0,0.0,0.0,0
2020-04-30,0.0,0.0,1.0,2.0,12.0,31.0,77.0,132.0,89.0,60.0,21.0,0.0,0.0,0.0,0
2020-05-01,1.0,0.0,0.0,0.0,4.0,40.0,76.0,104.0,93.0,56.0,22.0,0.0,0.0,0.0,0
2020-05-02,0.0,0.0,0.0,2.0,11.0,33.0,79.0,117.0,97.0,65.0,20.0,0.0,0.0,0.0,0
2020-05-03,0.0,1.0,2.0,0.0,13.0,40.0,83.0,124.0,113.0,70.0,14.0,1.0,0.0,0.0,0
2020-05-04,0.0,2.0,3.0,2.0,14.0,36.0,78.0,124.0,91.0,70.0,4.0,0.0,0.0,0.0,0
2020-05-05,0.0,1.0,1.0,0.0,11.0,52.0,58.0,123.0,103.0,70.0,27.0,2.0,0.0,0.0,0
2020-05-06,0.0,0.0,0.0,0.0,4.0,38.0,76.0,129.0,118.0,77.0,4.0,0.0,0.0,0.0,0
2020-05-07,0.0,0.0,0.0,3.0,14.0,19.0,81.0,124.0,123.0,85.0,15.0,0.0,0.0,0.0,0
2020-05-08,0.0,7.0,0.0,0.0,5.0,36.0,88.0,126.0,108.0,65.0,28.0,0.0,0.0,0.0,0
2020-05-09,0.0,0.0,0.0,0.0,20.0,39.0,99.0,155.0,154.0,68.0,15.0,0.0,0.0,0.0,0
2020-05-10,0.0,3.0,1.0,3.0,16.0,27.0,91.0,148.0,125.0,90.0,21.0,0.0,0.0,0.0,0
2020-05-11,0.0,0.0,2.0,2.0,14.0,50.0,99.0,137.0,102.0,96.0,16.0,0.0,0.0,0.0,0
2020-05-12,0.0,0.0,0.0,0.0,6.0,24.0,69.0,144.0,132.0,84.0,22.0,1.0,0.0,0.0,0
2020-05-13,0.0,0.0,2.0,4.0,11.0,37.0,83.0,157.0,139.0,83.0,16.0,2.0,0.0,0.0,0
2020-05-14,0.0,0.0,2.0,0.0,10.0,43.0,98.0,138.0,155.0,90.0,25.0,3.0,0.0,0.0,0
2020-05-15,0.0,0.0,1.0,2.0,17.0,35.0,79.0,153.0,145.0,93.0,19.0,1.0,0.0,0.0,0
2020-05-16,3.0,0.0,0.0,0.0,5.0,50.0,101.0,149.0,148.0,90.0,17.0,0.0,0.0,0.0,0
2020-05-17,0.0,0.0,0.0,7.0,20.0,54.0,94.0,169.0,126.0,110.0,28.0,4.0,0.0,0.0,0
2020-05-18,0.0,0.0,0.0,0.0,13.0,65.0,113.0,171.0,173.0,112.0,27.0,0.0,0.0,0.0,0
2020-05-19,0.0,0.0,0.0,0.0,23.0,51.0,84.0,138.0,145.0,88.0,35.0,0.0,0.0,0.0,0
2020-05-20,0.0,0.0,0.0,5.0,16.0,41.0,111.0,147.0,148.0,98.0,18.0,2.0,0.0,0.0,0
2020-05-21,0.0,0.0,0.0,0.0,17.0,38.0,116.0,160.0,120.0,80.0,33.0,3.0,0.0,0.0,0
2020-05-22,0.0,0.0,0.0,2.0,10.0,51.0,89.0,154.0,139.0,96.0,18.0,0.0,0.0,0.0,0
2020-05-23,0.0,0.0,2.0,11.0,7.0,44.0,110.0,162.0,152.0,96.0,35.0,2.0,0.0,0.0,0
2020-05-24,0.0,0.0,0.0,0.0,15.0,46.0,93.0,182.0,162.0,118.0,31.0,1.0,0.0,0.0,0
2020-05-25,0.0,0.0,0.0,6.0,16.0,50.0,92.0,156.0,167.0,121.0,39.0,0.0,0.0,0.0,0
2020-05-26,0.0,0.0,0.0,1.0,21.0,36.0,89.0,175.0,131.0,99.0,23.0,2.0,0.0,0.0,0
2020-05-27,0.0,2.0,0.0,8.0,11.0,58.0,106.0,157.0,176.0,119.0,20.0,3.0,0.0,0.0,0
2020-05-28,0.0,3.0,3.0,2.0,12.0,39.0,100.0,148.0,163.0,107.0,23.0,3.0,0.0,0.0,0
2020-05-29,0.0,0.0,4.0,8.0,9.0,51.0,105.0,174.0,179.0,119.0,35.0,1.0,0.0,0.0,0
2020-05-30,0.0,3.0,0.0,2.0,20.0,44.0,104.0,171.0,159.0,85.0,29.0,0.0,0.0,0.0,0
2020-05-31,0.0,0.0,3.0,2.0,12.0,51.0,120.0,168.0,136.0,99.0,31.0,0.0,0.0,0.0,0
2020-06-01,0.0,1.0,2.0,0.0,27.0,61.0,127.0,188.0,172.0,103.0,28.0,4.0,0.0,0.0,0
2020-06-02,0.0,0.0,1.0,0.0,12.0,61.0,97.0,150.0,157.0,90.0,34.0,5.0,0.0,0.0,0
2020-06-03,0.0,0.0,0.0,5.0,9.0,55.0,118.0,156.0,137.0,89.0,29.0,0.0,0.0,0.0,0
2020-06-04,4.0,0.0,0.0,3.0,10.0,49.0,119.0,158.0,165.0,118.0,28.0,0.0,0.0,0.0,0
2020-06-05,0.0,3.0,0.0,0.0,26.0,48.0,101.0,165.0,169.0,112.0,12.0,2.0,1.0,0.0,0
2020-06-06,1.0,0.0,3.0,7.0,10.0,55.0,125.0,154.0,175.0,134.0,31.0,0.0,1.0,0.0,0
2020-06-07,0.0,0.0,0.0,6.0,13.0,45.0,113.0,142.0,152.0,93.0,41.0,0.0,0.0,0.0,0
2020-06-08,0.0,0.0,0.0,0.0,33.0,49.0,132.0,179.0,158.0,114.0,24.0,2.0,0.0,0.0,0
2020-06-09,2.0,2.0,3.0,4.0,15.0,41.0,95.0,163.0,156.0,116.0,21.0,0.0,0.0,0.0,0
2020-06-10,0.0,0.0,0.0,4.0,14.0,40.0,124.0,182.0,161.0,95.0,32.0,2.0,0.0,0.0,0
2020-06-11,0.0,0.0,3.0,7.0,16.0,59.0,96.0,163.0,154.0,102.0,23.0,0.0,0.0,0.0,0
2020-06-12,7.0,5.0,9.0,7.0,23.0,51.0,106.0,154.0,165.0,116.0,36.0,3.0,0.0,0.0,0
2020-06-13,0.0,3.0,0.0,0.0,22.0,65.0,91.0,169.0,176.0,118.0,29.0,1.0,0.0,0.0,0
2020-06-14,0.0,0.0,0.0,0.0,22.0,50.0,129.0,165.0,152.0,100.0,27.0,0.0,0.0,0.0,0
2020-06-15,0.0,1.0,2.0,3.0,24.0,46.0,108.0,180.0,158.0,107.0,28.0,3.0,0.0,0.0,0
2020-06-16,1.0,1.0,0.0,10.0,20.0,48.0,120.0,158.0,167.0,107.0,33.0,0.0,0.0,0.0,0
2020-06-17,1.0,0.0,5.0,6.0,17.0,50.0,117.0,178.0,143.0,131.0,24.0,3.0,0.0,0.0,0
2020-06-18,0.0,0.0,0.0,6.0,21.0,39.0,99.0,161.0,127.0,108.0,25.0,2.0,0.0,0.0,0
2020-06-19,0.0,0.0,2.0,0.0,15.0,59.0,98.0,191.0,178.0,105.0,21.0,1.0,0.0,0.0,0
2020-06-20,0.0,5.0,0.0,0.0,16.0,57.0,94.0,142.0,162.0,94.0,17.0,0.0,0.0,0.0,0
2020-06-21,0.0,0.0,0.0,2.0,12.0,33.0,93.0,161.0,163.0,104.0,15.0,0.0,0.0,0.0,0
2020-06-22,0.0,1.0,2.0,0.0,20.0,47.0,101.0,140.0,146.0,96.0,20.0,1.0,0.0,0.0,0
2020-06-23,0.0,2.0,3.0,1.0,29.0,37.0,101.0,157.0,106.0,97.0,28.0,3.0,0.0,0.0,0
2020-06-24,5.0,0.0,0.0,0.0,13.0,52.0,83.0,146.0,129.0,114.0,30.0,0.0,0.0,0.0,0
2020-06-25,0.0,0.0,0.0,10.0,21.0,52.0,102.0,145.0,142.0,82.0,20.0,1.0,0.0,0.0,0
2020-06-26,0.0,1.0,0.0,0.0,11.0,45.0,105.0,134.0,151.0,94.0,9.0,5.0,0.0,0.0,0
2020-06-27,0.0,1.0,1.0,6.0,21.0,56.0,88.0,125.0,163.0,102.0,24.0,2.0,0.0,0.0,0
2020-06-28,0.0,0.0,2.0,0.0,14.0,40.0,89.0,127.0,141.0,133.0,28.0,4.0,0.0,0.0,0
2020-06-29,0.0,0.0,0.0,0.0,22.0,39.0,89.0,140.0,134.0,121.0,17.0,2.0,0.0,0.0,0
2020-06-30,0.0,0.0,0.0,6.0,16.0,47.0,93.0,164.0,149.0,104.0,18.0,0.0,0.0,0.0,0
2020-07-01,0.0,0.0,1.0,0.0,25.0,49.0,97.0,128.0,129.0,107.0,35.0,2.0,0.0,0.0,0
2020-07-02,0.0,1.0,4.0,3.0,13.0,38.0,101.0,143.0,181.0,74.0,9.0,1.0,0.0,0.0,0
2020-07-03,0.0,0.0,1.0,0.0,9.0,42.0,102.0,172.0,140.0,81.0,35.0,4.0,0.0,0.0,0
2020-07-04,0.0,0.0,0.0,3.0,9.0,43.0,80.0,143.0,141.0,106.0,22.0,2.0,0.0,0.0,0
2020-07-05,0.0,0.0,3.0,3.0,22.0,44.0,115.0,157.0,152.0,119.0,38.0,2.0,0.0,0.0,0
2020-07-06,6.0,1.0,0.0,9.0,10.0,36.0,105.0,140.0,148.0,112.0,28.0,2.0,0.0,0.0,0
2020-07-07,0.0,1.0,1.0,2.0,19.0,53.0,88.0,141.0,147.0,132.0,31.0,2.0,0.0,0.0,0
2020-07-08,0.0,0.0,3.0,0.0,16.0,44.0,106.0,142.0,165.0,126.0,23.0,0.0,0.0,0.0,0
2020-07-09,0.0,0.0,4.0,0.0,10.0,37.0,114.0,150.0,151.0,84.0,21.0,5.0,0.0,0.0,0
2020-07-10,0.0,0.0,0.0,1.0,12.0,56.0,88.0,159.0,153.0,105.0,23.0,2.0,0.0,0.0,0
2020-07-11,0.0,3.0,0.0,3.0,13.0,60.0,106.0,157.0,164.0,112.0,30.0,2.0,0.0,0.0,0
2020-07-12,0.0,0.0,0.0,9.0,17.0,52.0,127.0,167.0,166.0,102.0,36.0,0.0,0.0,0.0,0
2020-07-13,0.0,0.0,0.0,1.0,25.0,53.0,111.0,182.0,138.0,98.0,42.0,2.0,0.0,0.0,0
2020-07-14,0.0,0.0,0.0,10.0,22.0,54.0,107.0,150.0,167.0,137.0,19.0,1.0,0.0,0.0,0
2020-07-15,0.0,1.0,0.0,4.0,17.0,52.0,109.0,178.0,168.0,127.0,27.0,5.0,0.0,0.0,0
2020-07-16,0.0,0.0,0.0,6.0,18.0,40.0,111.0,174.0,151.0,108.0,30.0,3.0,0.0,0.0,0
2020-07-17,0.0,3.0,0.0,4.0,21.0,71.0,119.0,154.0,164.0,88.0,23.0,1.0,0.0,0.0,0
2020-07-18,0.0,0.0,0.0,7.0,16.0,50.0,101.0,172.0,163.0,118.0,47.0,0.0,0.0,0.0,0
2020-07-19,0.0,6.0,0.0,3.0,18.0,39.0,99.0,176.0,164.0,103.0,37.0,0.0,0.0,0.0,0
2020-07-20,0.0,1.0,3.0,3.0,5.0,41.0,112.0,181.0,166.0,121.0,37.0,5.0,0.0,0.0,0
2020-07-21,0.0,0.0,0.0,1.0,9.0,50.0,109.0,193.0,141.0,113.0,29.0,1.0,0.0,0.0,0
2020-07-22,0.0,0.0,0.0,0.0,10.0,62.0,123.0,180.0,161.0,137.0,38.0,0.0,0.0,0.0,0
2020-07-23,0.0,0.0,6.0,9.0,20.0,58.0,100.0,173.0,147.0,125.0,41.0,3.0,0.0,0.0,0
2020-07-24,1.0,1.0,0.0,7.0,13.0,34.0,112.0,178.0,151.0,100.0,27.0,1.0,0.0,0.0,0
2020-07-25,0.0,1.0,1.0,5.0,17.0,48.0,121.0,167.0,170.0,101.0,26.0,1.0,0.0,0.0,0
2020-07-26,0.0,0.0,0.0,5.0,15.0,48.0,103.0,185.0,154.0,121.0,15.0,2.0,0.0,0.0,0
2020-07-27,0.0,0.0,0.0,5.0,27.0,23.0,108.0,177.0,180.0,129.0,44.0,1.0,0.0,0.0,0
2020-07-28,0.0,0.0,7.0,0.0,20.0,54.0,109.0,202.0,163.0,120.0,26.0,2.0,0.0,0.0,0
2020-07-29,0.0,0.0,5.0,0.0,19.0,38.0,116.0,170.0,164.0,105.0,32.0,1.0,0.0,0.0,0
2020-07-30,0.0,2.0,0.0,0.0,7.0,57.0,115.0,161.0,161.0,116.0,44.0,6.0,1.0,0.0,0
2020-07-31,1.0,0.0,0.0,6.0,13.0,56.0,98.0,183.0,177.0,116.0,26.0,1.0,0.0,0.0,0
2020-08-01,0.0,0.0,0.0,1.0,12.0,53.0,122.0,185.0,202.0,131.0,25.0,0.0,0.0,0.0,0
2020-08-02,2.0,0.0,2.0,0.0,14.0,64.0,118.0,156.0,146.0,117.0,35.0,1.0,0.0,0.0,0
2020-08-03,0.0,0.0,3.0,9.0,19.0,53.0,139.0,201.0,180.0,136.0,16.0,0.0,0.0,0.0,0
2020-08-04,0.0,0.0,0.0,2.0,12.0,62.0,133.0,192.0,161.0,129.0,45.0,1.0,0.0,0.0,0
2020-08-05,0.0,0.0,0.0,2.0,18.0,72.0,103.0,174.0,138.0,130.0,28.0,4.0,0.0,0.0,0
2020-08-06,0.0,0.0,8.0,1.0,16.0,50.0,134.0,181.0,153.0,115.0,40.0,0.0,0.0,0.0,0
2020-08-07,2.0,0.0,1.0,5.0,18.0,66.0,118.0,178.0,184.0,112.0,31.0,0.0,0.0,0.0,0
2020-08-08,0.0,0.0,2.0,9.0,20.0,39.0,127.0,178.0,168.0,114.0,40.0,3.0,0.0,0.0,0
2020-08-09,5.0,0.0,3.0,8.0,7.0,55.0,115.0,162.0,169.0,136.0,33.0,1.0,0.0,0.0,0
2020-08-10,0.0,0.0,0.0,7.0,17.0,49.0,122.0,166.0,156.0,126.0,21.0,3.0,0.0,0.0,0
2020-08-11,0.0,2.0,0.0,3.0,9.0,66.0,95.0,165.0,142.0,88.0,28.0,2.0,0.0,0.0,0
2020-08-12,0.0,2.0,4.0,3.0,7.0,51.0,99.0,186.0,164.0,126.0,32.0,0.0,0.0,0.0,0
2020-08-13,0.0,0.0,2.0,5.0,15.0,48.0,124.0,187.0,184.0,106.0,43.0,4.0,0.0,0.0,0
2020-08-14,0.0,0.0,5.0,9.0,28.0,45.0,117.0,190.0,162.0,113.0,45.0,5.0,0.0,0.0,0
2020-08-15,0.0,0.0,0.0,6.0,9.0,30.0,115.0,147.0,140.0,101.0,37.0,5.0,0.0,0.0,0
2020-08-16,0.0,1.0,2.0,1.0,18.0,37.0,89.0,144.0,144.0,139.0,30.0,1.0,0.0,0.0,0
2020-08-17,0.0,6.0,0.0,5.0,20.0,43.0,83.0,175.0,187.0,101.0,34.0,1.0,0.0,0.0,0
2020-08-18,0.0,0.0,1.0,0.0,25.0,22.0,98.0,151.0,160.0,103.0,28.0,3.0,0.0,0.0,0
2020-08-19,0.0,0.0,0.0,5.0,7.0,50.0,78.0,132.0,139.0,88.0,34.0,1.0,0.0,0.0,0
2020-08-20,0.0,0.0,4.0,0.0,11.0,40.0,104.0,118.0,138.0,82.0,21.0,0.0,0.0,0.0,0
2020-08-21,0.0,0.0,1.0,4.0,6.0,41.0,101.0,125.0,154.0,116.0,31.0,1.0,0.0,0.0,0
2020-08-22,0.0,2.0,0.0,8.0,13.0,47.0,89.0,118.0,126.0,87.0,23.0,0.0,0.0,0.0,0
2020-08-23,4.0,0.0,3.0,0.0,15.0,37.0,89.0,135.0,149.0,113.0,38.0,0.0,0.0,0.0,0
2020-08-24,2.0,1.0,0.0,5.0,10.0,49.0,96.0,144.0,139.0,85.0,31.0,2.0,0.0,0.0,0
2020-08-25,4.0,0.0,2.0,2.0,14.0,37.0,90.0,126.0,130.0,97.0,38.0,1.0,0.0,0.0,0
2020-08-26,0.0,2.0,2.0,4.0,11.0,39.0,62.0,154.0,112.0,80.0,26.0,4.0,0.0,0.0,0
2020-08-27,0.0,1.0,3.0,2.0,7.0,24.0,68.0,145.0,123.0,106.0,18.0,5.0,0.0,0.0,0
2020-08-28,0.0,0.0,0.0,8.0,14.0,21.0,72.0,111.0,119.0,96.0,41.0,2.0,0.0,0.0,0
2020-08-29,0.0,0.0,0.0,1.0,4.0,35.0,72.0,97.0,112.0,82.0,19.0,0.0,0.0,0.0,0
2020-08-30,0.0,0.0,0.0,1.0,7.0,28.0,56.0,104.0,98.0,92.0,27.0,2.0,0.0,0.0,0
2020-08-31,0.0,0.0,0.0,2.0,15.0,25.0,66.0,97.0,98.0,68.0,16.0,0.0,0.0,0.0,0
2020-09-01,0.0,0.0,0.0,0.0,19.0,22.0,70.0,90.0,93.0,81.0,16.0,0.0,0.0,0.0,0
2020-09-02,0.0,1.0,0.0,1.0,10.0,41.0,48.0,94.0,122.0,79.0,20.0,0.0,0.0,0.0,0
2020-09-03,0.0,1.0,3.0,4.0,13.0,33.0,46.0,92.0,90.0,51.0,18.0,0.0,0.0,0.0,0
2020-09-04,9.0,2.0,0.0,1.0,14.0,36.0,49.0,77.0,90.0,60.0,33.0,1.0,0.0,0.0,0
2020-09-05,4.0,0.0,1.0,2.0,9.0,20.0,49.0,88.0,89.0,51.0,24.0,2.0,0.0,0.0,0
2020-09-06,1.0,0.0,0.0,2.0,3.0,18.0,46.0,86.0,92.0,49.0,12.0,1.0,0.0,0.0,0
2020-09-07,0.0,0.0,4.0,3.0,7.0,19.0,57.0,86.0,83.0,71.0,15.0,0.0,0.0,0.0,0
2020-09-08,1.0,3.0,0.0,0.0,7.0,17.0,41.0,78.0,76.0,62.0,19.0,3.0,0.0,0.0,0
2020-09-09,0.0,0.0,0.0,0.0,13.0,14.0,51.0,85.0,76.0,63.0,11.0,0.0,0.0,0.0,0
2020-09-10,1.0,2.0,0.0,2.0,3.0,21.0,54.0,60.0,74.0,55.0,23.0,4.0,0.0,0.0,0
2020-09-11,0.0,0.0,2.0,0.0,8.0,31.0,52.0,79.0,56.0,60.0,14.0,0.0,0.0,0.0,0
2020-09-12,0.0,2.0,4.0,5.0,9.0,32.0,48.0,72.0,54.0,57.0,7.0,1.0,0.0,0.0,0
2020-09-13,0.0,0.0,0.0,1.0,12.0,8.0,36.0,78.0,50.0,58.0,21.0,1.0,0.0,0.0,0
2020-09-14,0.0,0.0,0.0,5.0,2.0,17.0,29.0,69.0,84.0,59.0,14.0,3.0,0.0,0.0,0
2020-09-15,0.0,0.0,0.0,1.0,7.0,19.0,42.0,72.0,68.0,35.0,24.0,1.0,0.0,0.0,0
2020-09-16,3.0,0.0,0.0,0.0,5.0,18.0,36.0,65.0,57.0,49.0,26.0,1.0,0.0,0.0,0
2020-09-17,0.0,0.0,3.0,4.0,12.0,22.0,32.0,68.0,69.0,41.0,15.0,4.0,0.0,0.0,0
2020-09-18,0.0,4.0,0.0,0.0,0.0,21.0,31.0,63.0,40.0,45.0,2.0,3.0,0.0,0.0,0
2020-09-19,0.0,0.0,1.0,11.0,8.0,15.0,40.0,56.0,55.0,45.0,5.0,0.0,0.0,0.0,0
2020-09-20,0.0,2.0,2.0,0.0,8.0,1.0,20.0,64.0,68.0,42.0,17.0,2.0,0.0,0.0,0
2020-09-21,0.0,0.0,3.0,3.0,7.0,16.0,34.0,59.0,62.0,29.0,19.0,0.0,0.0,0.0,0
2020-09-22,0.0,0.0,0.0,7.0,2.0,20.0,28.0,50.0,44.0,27.0,10.0,1.0,0.0,0.0,0
2020-09-23,0.0,1.0,0.0,5.0,7.0,12.0,22.0,42.0,45.0,56.0,4.0,0.0,0.0,0.0,0
2020-09-24,0.0,2.0,2.0,9.0,4.0,8.0,31.0,53.0,35.0,28.0,2.0,0.0,0.0,0.0,0
2020-09-25,0.0,0.0,1.0,8.0,1.0,5.0,35.0,43.0,62.0,21.0,15.0,1.0,0.0,0.0,0
2020-09-26,2.0,0.0,4.0,0.0,3.0,17.0,33.0,53.0,49.0,33.0,7.0,1.0,0.0,0.0,0
2020-09-27,0.0,0.0,1.0,3.0,2.0,8.0,20.0,41.0,38.0,21.0,4.0,2.0,0.0,0.0,0
2020-09-28,0.0,0.0,1.0,4.0,3.0,10.0,29.0,51.0,45.0,43.0,11.0,1.0,0.0,0.0,0
2020-09-29,0.0,0.0,4.0,4.0,5.0,3.0,10.0,52.0,36.0,29.0,15.0,0.0,0.0,0.0,0
2020-09-30,0.0,1.0,2.0,2.0,6.0,7.0,26.0,22.0,28.0,28.0,16.0,0.0,0.0,0.0,0
2020-10-01,0.0,0.0,0.0,0.0,13.0,3.0,18.0,56.0,38.0,16.0,0.0,3.0,0.0,0.0,0
2020-10-02,0.0,0.0,0.0,7.0,0.0,17.0,15.0,41.0,22.0,21.0,12.0,1.0,0.0,0.0,0
2020-10-03,0.0,1.0,0.0,0.0,0.0,12.0,45.0,48.0,31.0,16.0,8.0,0.0,0.0,0.0,0
2020-10-04,0.0,1.0,0.0,1.0,11.0,16.0,12.0,50.0,18.0,27.0,15.0,0.0,0.0,0.0,0
2020-10-05,0.0,0.0,0.0,2.0,2.0,12.0,18.0,47.0,19.0,20.0,10.0,0.0,0.0,0.0,0
2020-10-06,0.0,0.0,3.0,4.0,1.0,14.0,4.0,39.0,42.0,52.0,17.0,1.0,0.0,0.0,0
2020-10-07,0.0,0.0,2.0,0.0,7.0,11.0,31.0,50.0,35.0,18.0,8.0,1.0,0.0,0.0,0
2020-10-08,0.0,4.0,1.0,1.0,8.0,2.0,27.0,34.0,17.0,41.0,9.0,1.0,0.0,0.0,0
2020-10-09,0.0,0.0,4.0,4.0,3.0,10.0,19.0,20.0,44.0,34.0,15.0,2.0,0.0,0.0,0
2020-10-10,0.0,2.0,4.0,2.0,0.0,6.0,21.0,15.0,45.0,24.0,8.0,1.0,0.0,0.0,0
2020-10-11,0.0,2.0,0.0,3.0,10.0,2.0,15.0,25.0,18.0,28.0,6.0,0.0,0.0,0.0,0
2020-10-12,0.0,3.0,5.0,4.0,4.0,22.0,25.0,24.0,29.0,33.0,12.0,1.0,0.0,0.0,0
2020-10-13,0.0,0.0,0.0,2.0,3.0,17.0,25.0,25.0,25.0,19.0,9.0,2.0,0.0,0.0,0
2020-10-14,5.0,2.0,1.0,3.0,2.0,19.0,0.0,17.0,21.0,25.0,2.0,1.0,0.0,0.0,0
2020-10-15,0.0,0.0,0.0,0.0,0.0,19.0,23.0,28.0,24.0,12.0,0.0,1.0,0.0,0.0,0
2020-10-16,0.0,2.0,3.0,0.0,5.0,16.0,25.0,43.0,29.0,29.0,0.0,0.0,0.0,0.0,0
2020-10-17,0.0,2.0,4.0,8.0,8.0,15.0,11.0,25.0,29.0,0.0,12.0,2.0,0.0,0.0,0
2020-10-18,0.0,0.0,5.0,0.0,11.0,12.0,0.0,22.0,19.0,15.0,7.0,0.0,1.0,0.0,0
2020-10-19,1.0,0.0,2.0,0.0,0.0,20.0,7.0,42.0,33.0,19.0,4.0,1.0,0.0,0.0,0
2020-10-20,0.0,0.0,0.0,6.0,3.0,13.0,14.0,43.0,19.0,9.0,14.0,0.0,0.0,0.0,0
2020-10-21,1.0,4.0,4.0,1.0,0.0,3.0,11.0,19.0,29.0,31.0,9.0,0.0,0.0,0.0,0
2020-10-22,0.0,0.0,5.0,3.0,5.0,13.0,8.0,24.0,10.0,21.0,5.0,1.0,0.0,0.0,0
2020-10-23,0.0,1.0,1.0,0.0,7.0,4.0,17.0,35.0,31.0,28.0,13.0,1.0,0.0,0.0,0
2020-10-24,0.0,0.0,0.0,2.0,6.0,7.0,16.0,20.0,25.0,25.0,13.0,0.0,0.0,0.0,0
2020-10-25,0.0,0.0,1.0,8.0,3.0,0.0,11.0,21.0,18.0,27.0,11.0,0.0,0.0,0.0,0
2020-10-26,1.0,0.0,0.0,0.0,2.0,8.0,16.0,28.0,21.0,37.0,1.0,0.0,0.0,0.0,0
2020-10-27,0.0,4.0,2.0,1.0,0.0,10.0,4.0,14.0,22.0,4.0,0.0,0.0,0.0,0.0,0
2020-10-28,0.0,1.0,1.0,0.0,7.0,0.0,7.0,15.0,23.0,24.0,0.0,1.0,0.0,0.0,0
2020-10-29,0.0,0.0,0.0,2.0,0.0,7.0,12.0,26.0,22.0,17.0,8.0,2.0,1.0,0.0,0
2020-10-30,0.0,1.0,0.0,0.0,7.0,7.0,19.0,22.0,23.0,17.0,9.0,0.0,0.0,0.0,0
2020-10-31,0.0,2.0,2.0,1.0,0.0,1.0,11.0,18.0,31.0,19.0,6.0,2.0,0.0,0.0,0
2020-11-01,0.0,4.0,0.0,1.0,0.0,17.0,8.0,36.0,26.0,25.0,6.0,1.0,0.0,0.0,0
2020-11-02,0.0,1.0,3.0,0.0,5.0,0.0,19.0,28.0,27.0,18.0,2.0,2.0,0.0,0.0,0
2020-11-03,0.0,1.0,0.0,6.0,13.0,9.0,17.0,31.0,33.0,27.0,0.0,0.0,0.0,0.0,0
2020-11-04,0.0,0.0,0.0,4.0,3.0,12.0,12.0,33.0,27.0,35.0,2.0,1.0,0.0,0.0,0
2020-11-05,0.0,2.0,0.0,4.0,1.0,10.0,8.0,11.0,29.0,7.0,7.0,0.0,0.0,0.0,0
2020-11-06,5.0,0.0,1.0,0.0,6.0,12.0,11.0,17.0,25.0,16.0,0.0,3.0,0.0,0.0,0
2020-11-07,0.0,0.0,3.0,0.0,1.0,9.0,7.0,2.0,14.0,33.0,0.0,0.0,0.0,0.0,0
2020-11-08,0.0,4.0,9.0,0.0,5.0,8.0,20.0,24.0,27.0,11.0,0.0,0.0,0.0,0.0,0
2020-11-09,0.0,0.0,3.0,2.0,1.0,0.0,8.0,26.0,17.0,16.0,10.0,0.0,0.0,0.0,0
2020-11-10,4.0,0.0,1.0,3.0,0.0,12.0,27.0,38.0,31.0,24.0,2.0,1.0,0.0,0.0,0
2020-11-11,0.0,8.0,0.0,0.0,1.0,4.0,9.0,28.0,16.0,0.0,8.0,0.0,0.0,0.0,0
2020-11-12,0.0,1.0,7.0,2.0,8.0,4.0,13.0,19.0,13.0,8.0,5.0,1.0,0.0,0.0,0
2020-11-13,2.0,1.0,0.0,0.0,8.0,15.0,20.0,36.0,13.0,29.0,13.0,1.0,0.0,0.0,0
2020-11-14,3.0,1.0,2.0,10.0,6.0,0.0,7.0,26.0,29.0,6.0,21.0,4.0,0.0,0.0,0
2020-11-15,0.0,0.0,2.0,0.0,6.0,8.0,8.0,21.0,22.0,13.0,0.0,0.0,0.0,0.0,0
2020-11-16,3.0,0.0,3.0,1.0,0.0,10.0,2.0,20.0,21.0,21.0,11.0,2.0,0.0,0.0,0
2020-11-17,0.0,2.0,5.0,0.0,4.0,3.0,6.0,20.0,31.0,31.0,9.0,3.0,0.0,0.0,0
2020-11-18,0.0,0.0,0.0,2.0,1.0,13.0,3.0,18.0,32.0,12.0,0.0,1.0,0.0,0.0,0
2020-11-19,0.0,0.0,2.0,0.0,9.0,4.0,6.0,11.0,15.0,14.0,1.0,1.0,0.0,0.0,0
2020-11-20,0.0,0.0,3.0,7.0,3.0,4.0,10.0,23.0,28.0,19.0,5.0,0.0,0.0,0.0,0
2020-11-21,0.0,4.0,3.0,4.0,0.0,11.0,4.0,13.0,31.0,11.0,1.0,2.0,0.0,0.0,0
2020-11-22,0.0,0.0,5.0,7.0,0.0,8.0,0.0,6.0,26.0,25.0,7.0,0.0,0.0,0.0,0
2020-11-23,0.0,0.0,0.0,8.0,0.0,8.0,3.0,12.0,24.0,17.0,7.0,2.0,0.0,0.0,0
2020-11-24,0.0,0.0,1.0,0.0,4.0,1.0,10.0,31.0,25.0,21.0,0.0,2.0,0.0,0.0,0
2020-11-25,0.0,4.0,0.0,0.0,2.0,4.0,8.0,16.0,26.0,4.0,8.0,1.0,0.0,0.0,0
2020-11-26,0.0,3.0,0.0,0.0,0.0,0.0,9.0,8.0,32.0,0.0,6.0,0.0,0.0,0.0,0
2020-11-27,0.0,0.0,0.0,0.0,0.0,6.0,4.0,19.0,23.0,5.0,2.0,0.0,0.0,0.0,0
2020-11-28,0.0,0.0,0.0,0.0,0.0,2.0,8.0,24.0,14.0,6.0,2.0,1.0,0.0,0.0,0
2020-11-29,0.0,3.0,1.0,0.0,10.0,9.0,6.0,21.0,19.0,7.0,6.0,1.0,0.0,0.0,0
2020-11-30,0.0,0.0,0.0,0.0,10.0,0.0,3.0,41.0,15.0,18.0,0.0,2.0,0.0,0.0,0
2020-12-01,0.0,0.0,1.0,2.0,3.0,8.0,12.0,25.0,38.0,11.0,10.0,0.0,0.0,0.0,0
2020-12-02,0.0,7.0,0.0,1.0,3.0,10.0,4.0,28.0,28.0,35.0,0.0,3.0,0.0,0.0,0
2020-12-03,0.0,0.0,1.0,0.0,4.0,0.0,6.0,27.0,20.0,36.0,8.0,3.0,0.0,0.0,0
2020-12-04,4.0,0.0,0.0,0.0,8.0,0.0,15.0,13.0,29.0,28.0,0.0,3.0,0.0,0.0,0
2020-12-05,4.0,5.0,0.0,2.0,0.0,4.0,7.0,24.0,21.0,23.0,4.0,1.0,0.0,0.0,0
2020-12-06,0.0,0.0,2.0,0.0,2.0,8.0,9.0,15.0,3.0,13.0,2.0,2.0,0.0,0.0,0
2020-12-07,0.0,2.0,0.0,0.0,1.0,13.0,7.0,31.0,36.0,29.0,19.0,0.0,0.0,0.0,0
2020-12-08,2.0,0.0,0.0,0.0,0.0,11.0,10.0,19.0,22.0,16.0,17.0,0.0,0.0,0.0,0
2020-12-09,0.0,1.0,1.0,0.0,3.0,11.0,0.0,31.0,27.0,25.0,13.0,0.0,0.0,0.0,0
2020-12-10,0.0,2.0,7.0,0.0,4.0,4.0,7.0,45.0,19.0,8.0,4.0,2.0,0.0,0.0,0
2020-12-11,0.0,3.0,0.0,0.0,5.0,18.0,14.0,20.0,21.0,27.0,4.0,0.0,0.0,0.0,0
2020-12-12,0.0,3.0,3.0,2.0,0.0,4.0,19.0,34.0,27.0,24.0,15.0,0.0,0.0,0.0,0
2020-12-13,1.0,0.0,2.0,0.0,5.0,0.0,7.0,42.0,32.0,36.0,10.0,1.0,0.0,0.0,0
2020-12-14,0.0,0.0,0.0,2.0,1.0,10.0,9.0,36.0,45.0,36.0,0.0,0.0,0.0,0.0,0
2020-12-15,0.0,0.0,1.0,0.0,4.0,4.0,14.0,33.0,32.0,15.0,6.0,0.0,0.0,0.0,0
2020-12-16,0.0,2.0,2.0,1.0,1.0,5.0,12.0,29.0,42.0,28.0,12.0,1.0,0.0,0.0,0
2020-12-17,0.0,1.0,3.0,0.0,0.0,15.0,7.0,39.0,30.0,33.0,2.0,0.0,0.0,0.0,0
2020-12-18,0.0,2.0,5.0,3.0,1.0,9.0,25.0,39.0,45.0,22.0,0.0,0.0,0.0,0.0,0
2020-12-19,0.0,4.0,7.0,0.0,3.0,19.0,22.0,36.0,40.0,21.0,12.0,2.0,0.0,0.0,0
2020-12-20,0.0,5.0,7.0,2.0,2.0,8.0,17.0,30.0,52.0,25.0,17.0,1.0,0.0,0.0,0
2020-12-21,7.0,2.0,3.0,2.0,1.0,13.0,17.0,23.0,39.0,22.0,12.0,1.0,0.0,0.0,0
2020-12-22,2.0,3.0,0.0,0.0,0.0,9.0,9.0,36.0,40.0,8.0,8.0,0.0,0.0,0.0,0
2020-12-23,7.0,4.0,6.0,5.0,0.0,14.0,28.0,21.0,33.0,15.0,10.0,1.0,0.0,0.0,0
2020-12-24,0.0,0.0,0.0,0.0,8.0,12.0,12.0,33.0,30.0,29.0,10.0,3.0,0.0,0.0,0
2020-12-25,0.0,0.0,0.0,8.0,11.0,6.0,27.0,46.0,34.0,43.0,19.0,0.0,0.0,0.0,0
2020-12-26,2.0,0.0,0.0,3.0,0.0,31.0,26.0,48.0,43.0,29.0,10.0,2.0,0.0,0.0,0
2020-12-27,0.0,8.0,2.0,8.0,4.0,7.0,18.0,39.0,37.0,36.0,17.0,0.0,0.0,0.0,0
2020-12-28,0.0,0.0,2.0,4.0,12.0,28.0,34.0,50.0,32.0,22.0,4.0,1.0,0.0,0.0,0
2020-12-29,0.0,0.0,0.0,0.0,0.0,6.0,23.0,23.0,45.0,28.0,18.0,1.0,0.0,0.0,0
2020-12-30,1.0,3.0,0.0,5.0,17.0,17.0,18.0,40.0,61.0,16.0,11.0,0.0,0.0,0.0,0
2020-12-31,0.0,6.0,0.0,0.0,2.0,1.0,25.0,42.0,57.0,30.0,15.0,1.0,0.0,0.0,0
2021-01-01,0.0,1.0,3.0,7.0,4.0,8.0,27.0,48.0,56.0,35.0,20.0,2.0,0.0,0.0,0
2021-01-02,0.0,0.0,0.0,0.0,11.0,17.0,44.0,37.0,68.0,47.0,13.0,1.0,0.0,0.0,0
2021-01-03,0.0,1.0,3.0,0.0,6.0,19.0,32.0,51.0,59.0,34.0,11.0,0.0,0.0,0.0,0
2021-01-04,0.0,0.0,2.0,2.0,7.0,19.0,40.0,50.0,92.0,26.0,21.0,0.0,0.0,0.0,0
2021-01-05,0.0,4.0,0.0,3.0,3.0,12.0,22.0,62.0,55.0,45.0,20.0,0.0,0.0,0.0,0
2021-01-06,1.0,0.0,6.0,0.0,8.0,11.0,36.0,59.0,57.0,31.0,6.0,0.0,0.0,0.0,0
2021-01-07,0.0,0.0,0.0,5.0,12.0,9.0,40.0,60.0,58.0,50.0,21.0,4.0,0.0,0.0,0
2021-01-08,6.0,1.0,1.0,11.0,4.0,22.0,40.0,84.0,56.0,38.0,23.0,0.0,0.0,0.0,0
2021-01-09,0.0,0.0,3.0,2.0,8.0,23.0,33.0,67.0,73.0,39.0,24.0,4.0,0.0,0.0,0
2021-01-10,0.0,1.0,0.0,3.0,12.0,23.0,37.0,64.0,97.0,53.0,12.0,1.0,0.0,0.0,0
2021-01-11,0.0,0.0,3.0,12.0,9.0,20.0,41.0,84.0,90.0,49.0,18.0,2.0,0.0,0.0,0
2021-01-12,11.0,0.0,2.0,13.0,8.0,15.0,45.0,90.0,68.0,47.0,8.0,3.0,0.0,0.0,0
2021-01-13,2.0,3.0,0.0,0.0,3.0,24.0,27.0,86.0,103.0,76.0,18.0,2.0,0.0,0.0,0
2021-01-14,1.0,4.0,0.0,4.0,7.0,27.0,37.0,77.0,72.0,63.0,12.0,0.0,0.0,0.0,0
2021-01-15,4.0,5.0,3.0,2.0,4.0,18.0,51.0,91.0,85.0,73.0,7.0,2.0,0.0,0.0,0
2021-01-16,0.0,0.0,2.0,0.0,17.0,26.0,61.0,90.0,96.0,72.0,36.0,2.0,0.0,0.0,0
2021-01-17,0.0,2.0,1.0,4.0,11.0,21.0,61.0,123.0,120.0,63.0,26.0,2.0,0.0,0.0,0
2021-01-18,2.0,1.0,1.0,8.0,12.0,38.0,60.0,109.0,129.0,73.0,20.0,0.0,0.0,0.0,0
2021-01-19,0.0,0.0,0.0,1.0,22.0,27.0,80.0,99.0,134.0,88.0,22.0,3.0,0.0,0.0,0
2021-01-20,1.0,2.0,0.0,0.0,18.0,16.0,79.0,124.0,109.0,81.0,33.0,1.0,0.0,0.0,0
2021-01-21,6.0,3.0,2.0,0.0,17.0,29.0,90.0,139.0,118.0,90.0,22.0,2.0,0.0,0.0,0
2021-01-22,0.0,5.0,2.0,0.0,8.0,42.0,97.0,110.0,120.0,79.0,26.0,1.0,0.0,0.0,0
2021-01-23,0.0,9.0,1.0,6.0,23.0,41.0,99.0,155.0,120.0,100.0,20.0,1.0,0.0,0.0,0
2021-01-24,4.0,3.0,4.0,5.0,12.0,34.0,79.0,167.0,133.0,90.0,27.0,2.0,0.0,0.0,0
2021-01-25,2.0,0.0,3.0,2.0,27.0,39.0,117.0,157.0,158.0,147.0,32.0,1.0,0.0,0.0,0
2021-01-26,0.0,0.0,2.0,0.0,12.0,45.0,90.0,171.0,136.0,104.0,35.0,0.0,0.0,0.0,0
2021-01-27,0.0,1.0,7.0,0.0,14.0,47.0,114.0,161.0,132.0,109.0,31.0,4.0,0.0,0.0,0
2021-01-28,0.0,0.0,6.0,3.0,18.0,44.0,110.0,153.0,163.0,114.0,23.0,2.0,0.0,0.0,0
2021-01-29,1.0,3.0,2.0,1.0,21.0,58.0,108.0,131.0,156.0,115.0,39.0,1.0,0.0,0.0,0
2021-01-30,0.0,2.0,8.0,17.0,26.0,47.0,118.0,186.0,144.0,90.0,39.0,0.0,0.0,0.0,0
2021-01-31,0.0,0.0,3.0,8.0,30.0,61.0,125.0,179.0,156.0,117.0,20.0,0.0,0.0,0.0,0
2021-02-01,4.0,2.0,1.0,13.0,14.0,58.0,119.0,178.0,182.0,125.0,37.0,0.0,0.0,0.0,0
2021-02-02,0.0,0.0,0.0,9.0,18.0,50.0,113.0,156.0,156.0,121.0,6.0,3.0,0.0,0.0,0
2021-02-03,0.0,1.0,1.0,1.0,25.0,48.0,101.0,147.0,159.0,115.0,28.0,0.0,0.0,0.0,0
2021-02-04,3.0,1.0,4.0,4.0,25.0,61.0,132.0,210.0,148.0,118.0,30.0,0.0,0.0,0.0,0
2021-02-05,0.0,0.0,7.0,5.0,22.0,63.0,119.0,168.0,180.0,102.0,43.0,3.0,0.0,0.0,0
2021-02-06,0.0,0.0,5.0,2.0,17.0,62.0,124.0,144.0,184.0,113.0,39.0,2.0,0.0,0.0,0
2021-02-07,0.0,2.0,1.0,0.0,22.0,79.0,141.0,180.0,166.0,110.0,27.0,0.0,0.0,0.0,0
2021-02-08,0.0,0.0,2.0,3.0,15.0,65.0,127.0,199.0,216.0,108.0,29.0,3.0,0.0,0.0,0
2021-02-09,0.0,1.0,0.0,3.0,21.0,65.0,143.0,208.0,182.0,105.0,31.0,5.0,0.0,0.0,0
2021-02-10,1.0,0.0,7.0,4.0,22.0,63.0,156.0,187.0,165.0,120.0,33.0,3.0,0.0,0.0,0
2021-02-11,1.0,0.0,4.0,8.0,38.0,67.0,140.0,203.0,188.0,136.0,40.0,0.0,0.0,0.0,0
2021-02-12,0.0,4.0,0.0,10.0,32.0,77.0,130.0,208.0,210.0,126.0,50.0,3.0,0.0,0.0,0
2021-02-13,3.0,0.0,0.0,7.0,31.0,85.0,138.0,196.0,180.0,121.0,46.0,2.0,0.0,0.0,0
2021-02-14,0.0,1.0,0.0,20.0,31.0,54.0,108.0,206.0,173.0,116.0,38.0,4.0,0.0,0.0,0
2021-02-15,0.0,0.0,2.0,9.0,27.0,47.0,142.0,192.0,181.0,121.0,45.0,4.0,0.0,0.0,0
2021-02-16,1.0,0.0,8.0,17.0,31.0,66.0,152.0,207.0,192.0,134.0,39.0,2.0,0.0,0.0,0
2021-02-17,8.0,0.0,7.0,17.0,28.0,73.0,118.0,202.0,199.0,137.0,37.0,3.0,0.0,0.0,0
2021-02-18,0.0,0.0,0.0,2.0,35.0,75.0,133.0,176.0,172.0,126.0,39.0,3.0,0.0,0.0,0
2021-02-19,0.0,0.0,2.0,5.0,33.0,68.0,123.0,203.0,208.0,125.0,34.0,1.0,0.0,0.0,0
2021-02-20,0.0,3.0,5.0,5.0,30.0,61.0,128.0,192.0,162.0,130.0,29.0,3.0,0.0,0.0,0
2021-02-21,0.0,0.0,1.0,8.0,22.0,72.0,166.0,177.0,146.0,155.0,42.0,3.0,0.0,0.0,0
2021-02-22,0.0,0.0,1.0,1.0,23.0,84.0,123.0,197.0,181.0,117.0,39.0,0.0,0.0,0.0,0
2021-02-23,0.0,1.0,0.0,12.0,30.0,66.0,136.0,192.0,156.0,100.0,26.0,4.0,0.0,0.0,0
2021-02-24,0.0,0.0,0.0,11.0,28.0,65.0,129.0,211.0,180.0,104.0,37.0,0.0,0.0,0.0,0
2021-02-25,0.0,2.0,1.0,10.0,25.0,58.0,140.0,183.0,160.0,112.0,27.0,0.0,0.0,0.0,0
2021-02-26,0.0,1.0,3.0,11.0,27.0,51.0,126.0,212.0,179.0,114.0,29.0,1.0,0.0,0.0,0
2021-02-27,0.0,3.0,5.0,16.0,38.0,74.0,129.0,194.0,165.0,106.0,32.0,6.0,1.0,0.0,0
2021-02-28,0.0,0.0,6.0,9.0,30.0,77.0,133.0,176.0,190.0,92.0,32.0,3.0,0.0,0.0,0
2021-03-01,0.0,0.0,0.0,15.0,24.0,74.0,119.0,203.0,184.0,166.0,33.0,3.0,0.0,0.0,0
2021-03-02,1.0,0.0,2.0,12.0,35.0,78.0,111.0,178.0,202.0,124.0,39.0,1.0,0.0,0.0,0
2021-03-03,0.0,0.0,4.0,11.0,42.0,88.0,130.0,178.0,196.0,138.0,47.0,1.0,0.0,0.0,0
2021-03-04,0.0,3.0,3.0,9.0,26.0,63.0,138.0,158.0,181.0,125.0,51.0,2.0,0.0,0.0,0
2021-03-05,2.0,0.0,0.0,3.0,23.0,65.0,131.0,198.0,177.0,120.0,28.0,0.0,0.0,0.0,0
2021-03-06,1.0,4.0,8.0,6.0,21.0,72.0,119.0,173.0,165.0,110.0,35.0,6.0,0.0,0.0,0
2021-03-07,0.0,3.0,5.0,6.0,19.0,63.0,101.0,164.0,142.0,127.0,35.0,2.0,0.0,0.0,0
2021-03-08,0.0,4.0,3.0,16.0,23.0,72.0,135.0,192.0,174.0,127.0,35.0,2.0,0.0,0.0,0
2021-03-09,0.0,7.0,0.0,0.0,34.0,56.0,128.0,197.0,181.0,142.0,28.0,2.0,0.0,0.0,0
2021-03-10,0.0,3.0,1.0,8.0,11.0,66.0,114.0,185.0,156.0,125.0,33.0,0.0,0.0,0.0,0
2021-03-11,4.0,0.0,0.0,4.0,39.0,63.0,95.0,183.0,168.0,131.0,29.0,2.0,0.0,0.0,0
2021-03-12,8.0,1.0,3.0,15.0,31.0,76.0,117.0,174.0,164.0,120.0,35.0,0.0,0.0,0.0,0
2021-03-13,5.0,0.0,1.0,14.0,29.0,83.0,132.0,172.0,143.0,140.0,28.0,1.0,0.0,0.0,0
2021-03-14,0.0,0.0,3.0,2.0,35.0,71.0,131.0,192.0,164.0,126.0,29.0,1.0,0.0,0.0,0
2021-03-15,0.0,9.0,0.0,2.0,32.0,68.0,123.0,199.0,195.0,133.0,30.0,1.0,0.0,0.0,0
2021-03-16,0.0,0.0,0.0,12.0,45.0,57.0,124.0,189.0,167.0,129.0,20.0,3.0,1.0,0.0,0
2021-03-17,3.0,0.0,6.0,6.0,19.0,74.0,120.0,190.0,186.0,111.0,36.0,4.0,0.0,0.0,0
2021-03-18,0.0,0.0,5.0,9.0,28.0,93.0,115.0,193.0,157.0,118.0,48.0,4.0,0.0,0.0,0
2021-03-19,4.0,0.0,4.0,8.0,41.0,64.0,145.0,155.0,155.0,119.0,33.0,3.0,0.0,0.0,0
2021-03-20,0.0,0.0,2.0,3.0,29.0,66.0,137.0,157.0,149.0,135.0,44.0,1.0,0.0,0.0,0
2021-03-21,5.0,0.0,12.0,1.0,26.0,64.0,132.0,178.0,171.0,125.0,25.0,0.0,0.0,0.0,0
2021-03-22,0.0,0.0,0.0,11.0,45.0,70.0,118.0,195.0,159.0,118.0,34.0,0.0,0.0,0.0,0
2021-03-23,1.0,1.0,2.0,4.0,27.0,76.0,122.0,210.0,165.0,104.0,33.0,1.0,0.0,0.0,0
2021-03-24,4.0,4.0,3.0,9.0,22.0,74.0,146.0,162.0,167.0,145.0,27.0,3.0,0.0,0.0,0
2021-03-25,0.0,2.0,1.0,0.0,23.0,97.0,122.0,160.0,172.0,141.0,34.0,4.0,0.0,0.0,0
2021-03-26,2.0,3.0,7.0,9.0,26.0,85.0,119.0,199.0,174.0,105.0,22.0,3.0,0.0,0.0,0
2021-03-27,0.0,2.0,0.0,4.0,33.0,77.0,155.0,203.0,194.0,124.0,35.0,1.0,0.0,0.0,0
2021-03-28,0.0,0.0,0.0,10.0,30.0,74.0,166.0,207.0,164.0,119.0,42.0,1.0,0.0,0.0,0
2021-03-29,6.0,2.0,1.0,15.0,32.0,84.0,147.0,157.0,184.0,126.0,31.0,1.0,0.0,0.0,0
2021-03-30,0.0,1.0,3.0,20.0,40.0,86.0,143.0,195.0,172.0,130.0,31.0,4.0,0.0,0.0,0
2021-03-31,0.0,0.0,4.0,1.0,28.0,80.0,138.0,199.0,185.0,118.0,33.0,2.0,0.0,0.0,0
2021-04-01,0.0,0.0,0.0,18.0,27.0,80.0,147.0,188.0,180.0,138.0,38.0,0.0,0.0,0.0,0
2021-04-02,0.0,0.0,1.0,14.0,30.0,79.0,131.0,195.0,169.0,127.0,29.0,0.0,0.0,0.0,0
2021-04-03,0.0,2.0,3.0,14.0,26.0,79.0,138.0,217.0,169.0,107.0,51.0,1.0,0.0,0.0,0
2021-04-04,3.0,0.0,4.0,22.0,30.0,75.0,140.0,193.0,192.0,149.0,38.0,4.0,0.0,0.0,0
2021-04-05,0.0,1.0,4.0,12.0,32.0,92.0,162.0,217.0,227.0,135.0,35.0,0.0,0.0,0.0,0
2021-04-06,6.0,1.0,4.0,9.0,31.0,76.0,161.0,218.0,181.0,134.0,44.0,5.0,0.0,0.0,0
2021-04-07,0.0,2.0,0.0,6.0,33.0,86.0,163.0,197.0,195.0,136.0,30.0,0.0,0.0,0.0,0
2021-04-08,0.0,4.0,6.0,5.0,36.0,107.0,145.0,224.0,181.0,129.0,24.0,3.0,0.0,0.0,0
2021-04-09,0.0,2.0,0.0,8.0,35.0,97.0,155.0,234.0,208.0,158.0,33.0,5.0,0.0,0.0,0
2021-04-10,0.0,1.0,0.0,6.0,54.0,84.0,145.0,201.0,182.0,135.0,26.0,6.0,1.0,0.0,0
2021-04-11,0.0,0.0,1.0,2.0,29.0,76.0,166.0,218.0,198.0,141.0,21.0,1.0,0.0,0.0,0
2021-04-12,0.0,1.0,10.0,17.0,48.0,104.0,161.0,209.0,206.0,114.0,44.0,1.0,0.0,0.0,0
2021-04-13,7.0,2.0,1.0,14.0,42.0,98.0,139.0,210.0,214.0,136.0,30.0,2.0,0.0,0.0,0
2021-04-14,0.0,4.0,0.0,6.0,32.0,98.0,138.0,207.0,195.0,122.0,35.0,1.0,0.0,0.0,0
2021-04-15,0.0,1.0,4.0,10.0,35.0,71.0,156.0,211.0,186.0,130.0,29.0,1.0,0.0,0.0,0
2021-04-16,0.0,1.0,0.0,8.0,46.0,79.0,162.0,236.0,211.0,144.0,27.0,3.0,0.0,0.0,0
2021-04-17,0.0,0.0,0.0,17.0,47.0,75.0,138.0,221.0,182.0,118.0,34.0,1.0,0.0,0.0,0
2021-04-18,0.0,0.0,3.0,20.0,25.0,87.0,168.0,218.0,194.0,121.0,32.0,1.0,0.0,0.0,0
2021-04-19,0.0,1.0,1.0,15.0,38.0,69.0,175.0,222.0,241.0,101.0,39.0,0.0,0.0,0.0,0
2021-04-20,4.0,0.0,0.0,6.0,30.0,89.0,164.0,218.0,213.0,125.0,29.0,0.0,0.0,0.0,0
2021-04-21,1.0,0.0,5.0,8.0,31.0,63.0,152.0,216.0,208.0,122.0,34.0,0.0,0.0,0.0,0
2021-04-22,0.0,0.0,2.0,5.0,36.0,90.0,148.0,216.0,197.0,137.0,39.0,5.0,0.0,0.0,0
2021-04-23,0.0,0.0,0.0,12.0,31.0,95.0,164.0,181.0,205.0,115.0,30.0,6.0,0.0,0.0,0
2021-04-24,0.0,1.0,0.0,9.0,21.0,90.0,144.0,194.0,198.0,122.0,30.0,1.0,0.0,0.0,0
2021-04-25,5.0,0.0,1.0,6.0,39.0,80.0,142.0,195.0,184.0,100.0,28.0,1.0,0.0,0.0,0
2021-04-26,2.0,0.0,3.0,14.0,23.0,62.0,153.0,204.0,167.0,124.0,25.0,2.0,0.0,0.0,0
2021-04-27,0.0,0.0,1.0,4.0,44.0,65.0,144.0,195.0,176.0,110.0,24.0,0.0,0.0,0.0,0
2021-04-28,0.0,0.0,3.0,9.0,27.0,70.0,143.0,207.0,210.0,120.0,23.0,3.0,0.0,0.0,0
2021-04-29,0.0,1.0,2.0,4.0,38.0,75.0,143.0,201.0,189.0,134.0,34.0,2.0,0.0,0.0,0
2021-04-30,0.0,2.0,0.0,11.0,27.0,75.0,123.0,173.0,161.0,114.0,37.0,1.0,0.0,0.0,0
2021-05-01,0.0,0.0,5.0,1.0,30.0,63.0,115.0,190.0,195.0,122.0,24.0,3.0,0.0,0.0,0
2021-05-02,0.0,0.0,8.0,2.0,29.0,60.0,129.0,176.0,204.0,107.0,27.0,1.0,0.0,0.0,0
2021-05-03,3.0,0.0,0.0,7.0,29.0,87.0,118.0,209.0,156.0,131.0,22.0,1.0,0.0,0.0,0
2021-05-04,5.0,1.0,2.0,6.0,14.0,64.0,128.0,196.0,157.0,97.0,42.0,2.0,0.0,0.0,0
2021-05-05,0.0,0.0,0.0,12.0,22.0,57.0,115.0,215.0,200.0,113.0,18.0,1.0,0.0,0.0,0
2021-05-06,0.0,0.0,1.0,4.0,21.0,69.0,111.0,173.0,164.0,89.0,32.0,3.0,0.0,0.0,0
2021-05-07,0.0,0.0,3.0,2.0,27.0,69.0,122.0,173.0,170.0,104.0,22.0,1.0,0.0,0.0,0
2021-05-08,0.0,0.0,6.0,3.0,22.0,70.0,114.0,152.0,138.0,81.0,16.0,3.0,0.0,0.0,0
2021-05-09,0.0,6.0,1.0,3.0,18.0,61.0,110.0,157.0,171.0,109.0,30.0,1.0,0.0,0.0,0
2021-05-10,0.0,0.0,0.0,8.0,17.0,56.0,109.0,155.0,173.0,81.0,22.0,2.0,0.0,0.0,0
2021-05-11,0.0,0.0,3.0,0.0,34.0,77.0,113.0,150.0,154.0,91.0,43.0,3.0,0.0,0.0,0
2021-05-12,0.0,3.0,0.0,5.0,17.0,55.0,102.0,150.0,158.0,86.0,29.0,2.0,0.0,0.0,0
2021-05-13,0.0,0.0,0.0,1.0,14.0,59.0,106.0,154.0,150.0,86.0,17.0,0.0,0.0,0.0,0
2021-05-14,2.0,0.0,1.0,12.0,25.0,55.0,74.0,136.0,146.0,90.0,22.0,4.0,0.0,0.0,0
2021-05-15,1.0,0.0,1.0,3.0,27.0,51.0,114.0,139.0,138.0,79.0,17.0,1.0,0.0,0.0,0
2021-05-16,0.0,0.0,2.0,3.0,21.0,54.0,104.0,143.0,161.0,98.0,23.0,0.0,0.0,0.0,0
2021-05-17,0.0,0.0,3.0,1.0,23.0,50.0,110.0,136.0,140.0,99.0,18.0,0.0,0.0,0.0,0
2021-05-18,0.0,0.0,4.0,1.0,25.0,61.0,88.0,132.0,137.0,79.0,20.0,0.0,0.0,0.0,0
2021-05-19,0.0,3.0,4.0,3.0,22.0,58.0,102.0,144.0,151.0,59.0,17.0,1.0,1.0,0.0,0
2021-05-20,0.0,0.0,0.0,3.0,6.0,47.0,102.0,124.0,105.0,56.0,27.0,0.0,0.0,0.0,0
2021-05-21,0.0,0.0,0.0,2.0,20.0,44.0,85.0,118.0,133.0,52.0,13.0,0.0,0.0,0.0,0
